1,Liam,Archie,8642538605,Y,Liam.Archie@gmail.com,7509056900
2,Olivia,Lisandra,7264524455,N,Olivia.Lisandra@gmail.com,7539971589
3,Noah,Eleanor,9307678307,N,Noah.Eleanor@gmail.com,5044732197
4,Oliver,Alethia,5527457221,Y,Oliver.Alethia@gmail.com,3891212670
5,Ava,Neida,7875806870,N,Ava.Neida@gmail.com,1800583461
6,Charlotte,Alline,1623389928,Y,Charlotte.Alline@gmail.com,1123347314
7,William,Otelia,3043825712,N,William.Otelia@gmail.com,7640101696
8,James,Shon,6570674354,Y,James.Shon@gmail.com,7874800225
9,Benjamin,Rebecca,6265473417,N,Benjamin.Rebecca@gmail.com,3528189921
10,Sophia,Chau,9895812232,N,Sophia.Chau@gmail.com,8787251445
11,Amelia,Meri,6282128444,N,Amelia.Meri@gmail.com,3678399770
12,Lucas,Shawanna,4981486791,N,Lucas.Shawanna@gmail.com,9142630739
13,Mia,Farah,7284778044,N,Mia.Farah@gmail.com,7928008671
14,Henry,Lanell,2988010007,Y,Henry.Lanell@gmail.com,7718249574
15,Evelyn,Regina,9007835725,N,Evelyn.Regina@gmail.com,5397042393
16,Alexander,Fermin,3471464351,Y,Alexander.Fermin@gmail.com,8105613673
17,Harper,King,3220251049,Y,Harper.King@gmail.com,9912972714
18,Teofila,Scarlet,5272381018,Y,Teofila.Scarlet@gmail.com,8817638380
19,Isaura,Concetta,8748132977,Y,Isaura.Concetta@gmail.com,1391515527
20,Regine,Rich,5334977281,N,Regine.Rich@gmail.com,9339214837
21,Thalia,Shila,3589953912,N,Thalia.Shila@gmail.com,1645771951
22,Linn,Camila,1662724360,Y,Linn.Camila@gmail.com,5693610249
23,Carlos,Dominica,1068767745,N,Carlos.Dominica@gmail.com,6733128770
24,Solange,Olen,5718915604,Y,Solange.Olen@gmail.com,9870620082
25,Rosina,Missy,1756620255,Y,Rosina.Missy@gmail.com,6496479597
26,Rashida,Jene,7830704224,N,Rashida.Jene@gmail.com,1384903426
27,Clement,Ida,5034184789,N,Clement.Ida@gmail.com,6216245779
28,Micheal,Pedro,3947221115,Y,Micheal.Pedro@gmail.com,2175243881
29,Waneta,Jeannine,3572410864,Y,Waneta.Jeannine@gmail.com,5275353294
30,Antonietta,Hattie,3192525683,Y,Antonietta.Hattie@gmail.com,1673083703
31,Aleida,Eric,7602486412,Y,Aleida.Eric@gmail.com,6736139864
32,Ruben,Luana,3238939518,N,Ruben.Luana@gmail.com,1203534344
33,Camelia,Melvin,4341813451,Y,Camelia.Melvin@gmail.com,4164443745
34,Dakota,Leana,3171972273,Y,Dakota.Leana@gmail.com,2036442289
35,Leif,Stefanie,5227425658,Y,Leif.Stefanie@gmail.com,8897272920
36,Alfreda,Collene,3703442480,Y,Alfreda.Collene@gmail.com,9857458079
37,Randa,Sheena,3030066889,Y,Randa.Sheena@gmail.com,7766530508
38,Alison,Callie,1271616168,Y,Alison.Callie@gmail.com,8344829339
39,Katy,Silas,8022515328,N,Katy.Silas@gmail.com,6873899615
40,Meryl,Oswaldo,2454312817,Y,Meryl.Oswaldo@gmail.com,8153263865
41,Martha,Jenny,8028264863,N,Martha.Jenny@gmail.com,8184533418
42,Ester,Marybeth,2296997964,N,Ester.Marybeth@gmail.com,7712273639
43,Sally,Maisie,5708223479,Y,Sally.Maisie@gmail.com,9092304149
44,Dorathy,Leisa,3688554166,Y,Dorathy.Leisa@gmail.com,3433248235
45,Nicolas,Tona,3459063136,N,Nicolas.Tona@gmail.com,8947747709
46,Molly,Naoma,2004128084,Y,Molly.Naoma@gmail.com,4326437778
47,Lakisha,Bong,4434821730,N,Lakisha.Bong@gmail.com,8458801799
48,Tran,Audie,4065020371,Y,Tran.Audie@gmail.com,4151391291
49,Homer,Tesha,1857969390,N,Homer.Tesha@gmail.com,2089480958
50,Marin,Georgia,8887128729,N,Marin.Georgia@gmail.com,1242981326
51,Lynell,Markita,1606549761,N,Lynell.Markita@gmail.com,4375995403
52,Sana,Jane,5332291105,N,Sana.Jane@gmail.com,1477807495
53,Amina,Lise,3589412559,N,Amina.Lise@gmail.com,3394328658
54,Ramiro,Eulalia,9979757718,N,Ramiro.Eulalia@gmail.com,2433430966
55,Pauline,Pierre,5174420636,N,Pauline.Pierre@gmail.com,5628571712
56,Federico,Lawanda,8018312377,Y,Federico.Lawanda@gmail.com,5368544960
57,Mireya,Jade,7604646622,Y,Mireya.Jade@gmail.com,4707262460
58,Cinthia,Regena,3949101507,N,Cinthia.Regena@gmail.com,9353681538
59,Page,Danny,3431903933,Y,Page.Danny@gmail.com,2554743207
60,Sherly,Alton,6970106161,Y,Sherly.Alton@gmail.com,1345827124
61,Pearlie,Alejandrina,4615894720,Y,Pearlie.Alejandrina@gmail.com,1823626599
62,Kazuko,Charlott,1148282577,Y,Kazuko.Charlott@gmail.com,3503453580
63,Dagmar,Chanel,1593732824,Y,Dagmar.Chanel@gmail.com,8632898113
64,Charlie,Ricki,7972508505,N,Charlie.Ricki@gmail.com,2755669197
65,Alonso,Gaynelle,4452157894,N,Alonso.Gaynelle@gmail.com,5217255811
66,Shae,Wynona,8466867459,N,Shae.Wynona@gmail.com,7525191896
67,Orlando,Genia,8020540113,N,Orlando.Genia@gmail.com,5083365815
68,Markita,Cathy,4748710297,N,Markita.Cathy@gmail.com,6004789666
69,Jane,Kendal,7528152130,N,Jane.Kendal@gmail.com,6199239032
70,Lise,Ann,3098516950,N,Lise.Ann@gmail.com,3376086855
71,Eulalia,Rufus,5739939731,Y,Eulalia.Rufus@gmail.com,7759218773
72,Pierre,Neomi,6919841871,N,Pierre.Neomi@gmail.com,7324257757
73,Lawanda,Shannon,6465168663,N,Lawanda.Shannon@gmail.com,6796458193
74,Jade,Georgianna,2867921405,Y,Jade.Georgianna@gmail.com,7128810439
75,Regena,Sunny,1208863856,N,Regena.Sunny@gmail.com,5808887626
76,Danny,Bell,6695434331,N,Danny.Bell@gmail.com,8441099021
77,Alton,Joette,9761748499,N,Alton.Joette@gmail.com,1607921066
78,Alejandrina,Oliva,4158657353,N,Alejandrina.Oliva@gmail.com,7827473455
79,Charlott,Vicki,2732631626,N,Charlott.Vicki@gmail.com,7733414278
80,Chanel,Marietta,2727525437,N,Chanel.Marietta@gmail.com,4519674774
81,Ricki,Adolfo,3533131089,N,Ricki.Adolfo@gmail.com,9267434551
82,Gaynelle,Samira,8596102773,N,Gaynelle.Samira@gmail.com,2371283614
83,Wynona,Jeanine,4522019420,N,Wynona.Jeanine@gmail.com,5766055813
84,Genia,Darryl,3751248284,Y,Genia.Darryl@gmail.com,3342800459
85,Cathy,Rosetta,9267769740,Y,Cathy.Rosetta@gmail.com,7300587565
86,Kendal,Abdul,3132785014,N,Kendal.Abdul@gmail.com,2372139284
87,Ann,Leighann,2652326319,Y,Ann.Leighann@gmail.com,3403420353
88,Rufus,Vickey,1729928364,Y,Rufus.Vickey@gmail.com,3721468716
89,Neomi,Felica,7836735359,N,Neomi.Felica@gmail.com,5981535960
90,Shannon,Brandy,4340238200,N,Shannon.Brandy@gmail.com,6871564876
91,Georgianna,Carolynn,5217759301,Y,Georgianna.Carolynn@gmail.com,1067751146
92,Sunny,Sadie,2229764450,N,Sunny.Sadie@gmail.com,5245653373
93,Bell,Malissa,3342805015,Y,Bell.Malissa@gmail.com,2173213385
94,Joette,Ramon,2668479347,Y,Joette.Ramon@gmail.com,5951192989
95,Oliva,Derek,8555683717,Y,Oliva.Derek@gmail.com,7642210981
96,Vicki,Elvin,2072081919,Y,Vicki.Elvin@gmail.com,9165208822
97,Marietta,Fonda,9792603496,Y,Marietta.Fonda@gmail.com,7380370858
98,Adolfo,Lauretta,3551642077,Y,Adolfo.Lauretta@gmail.com,4149491971
99,Samira,Pearly,6883342392,N,Samira.Pearly@gmail.com,8999449151
100,Jeanine,Brandi,1183302340,Y,Jeanine.Brandi@gmail.com,3380480703
